Timestamp,Country,State (na if not applicable),City,Age,Major Category/Industry,Major,City in Taiwan you're from,Birth Month,Comments/Questions,Gender,Age When Moved Abroad,Where would you rather be
12/20/2018 8:50:28,æ—¥æœ¬æ±äº¬,æ±äº¬,æ±äº¬,23,"Engineering, Computer Science",AI,å°åŒ—,May,,Male,23,6
12/21/2018 7:46:06,ä¸­åœ‹,å±±æ±,æ¿Ÿå—,22,Language school,è‹±æ–‡,æ–°ç«¹,May,,Female,2,10
12/20/2018 4:39:03,Vietnam,na,Ho Chi Minh City,18,Language school,Vietnamese,å½°åŒ–,March,,Male,18,10
12/18/2018 19:02:46,USA,Rhode Island,Providence,,"Art, Music, Architecture, Film, Media",,å°åŒ—,May,,,,
12/19/2018 13:57:50,USA,IL,Chicagi,20,"Art, Music, Architecture, Film, Media","Architecture, Art and Planning",å°åŒ—,June,,Female,,
12/19/2018 23:36:30,USA,CA,San Francisco,23,"Art, Music, Architecture, Film, Media",,å°ä¸­,August,,Female,,
12/19/2018 0:58:04,USA,CA,San diego,21,"Art, Music, Architecture, Film, Media",media studies,å°ä¸­,July,,,,
12/19/2018 5:10:21,USA,IL,Chicago,24,"Art, Music, Architecture, Film, Media",Music performance,æ–°åŒ—,April,,Female,,
12/19/2018 20:42:44,USA,CA,Los Angeles,18,"Art, Music, Architecture, Film, Media",Photography,å°åŒ—,August,,Female,,
12/19/2018 14:39:40,USA,NY,Oakland garden ,20,"Economics, Management",Accounting ,æ¡ƒåœ’,,,Female,,
12/18/2018 21:24:45,USA,California,Davis,20,"Economics, Management",Double major in Managerial Economics and Statistics,å°åŒ—,September,,,,
12/18/2018 22:13:04,USA,CA,LA,19,"Economics, Management",,é«˜é›„,,,,,
12/19/2018 1:08:00,USA,PA,Philadelphia ,21,"Economics, Management",,å°ä¸­,October,,,,
12/19/2018 5:47:43,USA,CA,San Francisco ,24,"Economics, Management",Economics and Management,æ¡ƒåœ’,October,,Female,,
12/19/2018 6:33:54,USA,CA,Hayward,24,"Economics, Management",Economics and Management,å°åŒ—,May,,Female,,
12/19/2018 11:27:23,USA,Connecticut,Stamford,20,"Economics, Management",Economics and Management,å°å—,September,,Female,,
12/19/2018 12:47:08,USA,MA,Boston,18,"Economics, Management",Business administration and management,å°ä¸­,August,,Female,,
12/19/2018 13:09:39,USA,MA,Boston,23,"Economics, Management",Global Marketing Management ,æ–°åŒ—,May,è¾›è‹¦äº†ï¼ç¥æœŸæœ«,Female,,
12/19/2018 18:38:45,USA,Michigan,Ann Arbor,24,"Economics, Management",,æ¡ƒåœ’,December,,Male,,
12/19/2018 19:30:18,USA,Ca,Pasadena ,20,"Economics, Management",,å°ä¸­,May,,Female,,
12/19/2018 20:29:16,USA,WA,Seattle,20,"Economics, Management",Finance / Info System,èŠ±è“®,December,,Female,,
12/19/2018 23:17:00,USA,TX,Austin,21,"Economics, Management",,æ–°åŒ—,August,,Male,,
12/19/2018 13:58:44,USA,AL,Birmingham,22,"Economics, Management",MBA,é«˜é›„,June,,Male,,
12/20/2018 0:12:38,USA,DC,Washington,23,"Economics, Management",,å°åŒ—,August,,Female,,
12/19/2018 11:56:35,USA,New York,New York,23,"Economics, Management",Integrated Marketing,é«˜é›„,March,,Female,,
12/19/2018 20:33:07,USA,CA,San Diego,21,Engineering,Computer Science,å°ä¸­,October,,Female,,
12/18/2018 19:10:23,USA,Washington,Seattle,,Engineering,,å°åŒ—,,,,,
12/18/2018 20:00:19,USA,Texas,Houston,,Engineering,,,,,,,
12/18/2018 20:19:08,USA,Massachusetts,Cambridge ,,Engineering,,å°ä¸­,July,I need a bf.,,,
12/18/2018 22:10:58,USA,CA,Berkeley,17,Engineering,,å°åŒ—,,,,,
12/18/2018 22:22:51,USA,GA,Atlanta,25,Engineering,,æ¡ƒåœ’,June,,,,
12/18/2018 23:21:22,USA,Arkansas,Fayetteville,22,Engineering,Civil engineering ,å°ä¸­,February,æˆ‘åªæ˜¯æƒ³è¢«åŠ ä¸Šåœ°åœ–ï¼Œé˜¿è‚¯è‰²ä»£è¡¨æ˜¯æˆ‘å—šå—šå—š,,,
12/19/2018 16:03:12,USA,Ohio,Columbus,22,Engineering,ChemE,é«˜é›„,August,,Male,,
12/19/2018 19:47:49,USA,Ca,San Jose,28,Engineering,,å°åŒ—,April,,Male,,
12/19/2018 20:49:49,USA,CA,Ketingcrom,21,Engineering,,æ–°ç«¹,August,,Male,,
12/19/2018 20:53:31,USA,Georgia,Atlanta,19,Engineering,,æ–°åŒ—,,,Female,,
12/19/2018 21:05:38,USA,OH,Toledo ,22,Engineering,Mechanical Engineering,å°å—,July,æˆ‘ä»¥ç‚ºæˆ‘ä¸Šæ¬¡æœ‰å¡«åˆ°ğŸ˜­,Female,,
12/19/2018 21:21:48,USA,Florida,Gainesville,,Engineering,,å±æ±,,,Female,,
12/19/2018 21:22:38,USA,Florida,Gainesville,,Engineering,,å±æ±,,,Female,,
12/19/2018 21:24:18,USA,Florida,New Port Richey,,Engineering,,å±æ±,,,Female,,
12/19/2018 21:24:53,USA,Florida,New Port Richey,,Engineering,,å±æ±,,,Female,,
12/19/2018 22:49:32,USA,MI,Ann Arbor,24,Engineering,Mechanical  Engineering ,æ–°åŒ—,November,,Female,,
12/19/2018 15:51:40,USA,Iowa,Iowa city,20,Engineering,Informatics ,å°åŒ—,November,,Female,,
12/19/2018 3:56:24,USA,California,Cupertino,18,Humanities,Global studies ,å°ä¸­,July,,Male,,
12/18/2018 19:54:29,USA,CA,San Diego,,Humanities,Political Science,å°ä¸­,June,,,,
12/19/2018 13:17:59,USA,Ca,Davis,21,Humanities,Humanities,å°åŒ—,December,,Female,,
12/19/2018 1:44:15,USA,Michigan ,Ann Arbor ,18,"Medical Sciences, Medicine, Nursing",Double majoring in neuroscience and film&media,å°åŒ—,March,What about gender ,,,
12/19/2018 18:46:03,USA,PA,State college,21,"Medical Sciences, Medicine, Nursing",Medical Sciences,å°åŒ—,June,,Female,,
12/19/2018 20:41:59,USA,OR,Corvallis,22,"Medical Sciences, Medicine, Nursing",Medical Sciences,å½°åŒ–,October,,Female,,
12/19/2018 21:45:06,USA,MA,Boston,20,"Medical Sciences, Medicine, Nursing",Medical Sciences,æ–°åŒ—,October,,Female,,
12/19/2018 14:12:56,USA,CA,Concord,20,"Medical Sciences, Medicine, Nursing",Pharmacy,å±æ±,April,,Female,,
12/18/2018 21:07:16,USA,Georgia,Athens,23,Science and Math,Animal science,å°åŒ—,May,,,,
12/18/2018 19:31:18,USA,CA,Irvine,,Science and Math,,å°åŒ—,August,,,,
12/19/2018 13:48:31,USA,Arizona,Tempe,21,Science and Math,Biomedical Sciences (premed),å°åŒ—,March,,Female,,
12/19/2018 2:55:10,USA,CA,Rowland Heights ,18,Science and Math,Biological Science ,å°åŒ—,April,,Female,,
12/19/2018 17:48:41,USA,PA ,Bryn Mawr,20,Science and Math,,å°ä¸­,August,,Female,,
12/19/2018 20:10:55,USA,CA,San Diego ,18,Science and Math,,è‹—æ —,May,,Female,,
12/19/2018 23:27:18,USA,CA,Santa Cruz ,18,Science and Math,,æ–°åŒ—,,,Male,,
12/19/2018 23:31:26,USA,CT,New Haven,28,Science and Math,Chemistry PhD,èŠ±è“®,April,,Female,,
12/19/2018 23:48:10,USA,Oregon ,Corvallis ,20,Science and Math,Zoology ,å°åŒ—,July,,Female,,
12/19/2018 20:11:44,USA,AZ,Tucson,24,Science and Math,"Speech, Language, and Hearing Sciences",å½°åŒ–,February,,Female,,
12/19/2018 1:55:37,USA,WA,seattle ,18,Still in High School,Still in High School,å°ä¸­,October,,,,
12/19/2018 8:08:01,USA,MA,Boston,18,Still in High School,music-instrumental,æ–°ç«¹,September,,Female,,
12/19/2018 15:10:35,USA,NY,New York City,15,Still in High School,Still in High School,èŠ±è“®,April,,Male,,
12/19/2018 6:50:47,USA,FLORIDA ,Gainesville,22,,,æ¡ƒåœ’,June,,Male,,
12/19/2018 12:37:11,USA,Pennsylvania ,Philadelphia ,21,,,æ–°åŒ—,February,,Female,,
12/19/2018 19:53:09,USA,New Jersey ,New Brunswick ,,,,,,,Female,,
12/19/2018 22:47:20,USA,Washington ,Seattle ,23,,,å°åŒ—,November,,Female,,
12/20/2018 0:16:26,USA,NJ,New Brunswick ,21,,,å°å—,February,,Female,,
12/20/2018 0:30:23,USA,Oregon,Corvallis,25,"Economics, Management, Business, Marketing",MBA,æ¡ƒåœ’,December,,Female,,
12/20/2018 0:51:56,USA,MA ,Boston ,18,"Art, Music, Architecture, Film, Media",Psychology ,å°åŒ—,March,,Female,18,8
12/20/2018 0:55:39,USA,Fl,Tampa,23,"Economics, Management, Business, Marketing",Finance,å°åŒ—,March,,Female,22,7
12/20/2018 0:59:06,USA,Alabama ,Burning ,23,Education,TESOL,æ–°åŒ—,December,,Female,23,6
12/20/2018 2:18:06,USA,MO,Columbia,20,"Engineering, Computer Science",Computer Science,å½°åŒ–,,,Male,17,
12/20/2018 2:22:35,USA,CA,Los Angeles,25,"Engineering, Computer Science",Computer science,æ–°ç«¹,March,,Male,24,10
12/20/2018 2:25:05,USA,CA,Cupertino,19,"Economics, Management, Business, Marketing",Business Administration,æ–°ç«¹,,,Male,15,10
12/20/2018 3:25:29,USA,WA,Seattle,20,"Economics, Management, Business, Marketing",,æ–°åŒ—,September,,Female,17,
12/20/2018 3:33:33,USA,CA,San Diego,21,"Art, Music, Architecture, Film, Media",ICAM,é«˜é›„,September,,Prefer not to say,15,4
12/20/2018 3:34:40,USA,CA,San Francisco ,21,Education,English Education ,æ¡ƒåœ’,April,,Female,20,5
12/20/2018 3:34:47,USA,WA,Seattle,18,"Art, Music, Architecture, Film, Media",Architecture ,å°åŒ—,September,,Female,17,8
12/20/2018 3:47:10,USA,Kansas,Wichita,,,,,,,Male,,
12/20/2018 3:48:38,USA,CA,Los angeles,25,"Economics, Management, Business, Marketing",,é«˜é›„,May,,Female,15,3
12/20/2018 3:52:59,USA,MA,Boston,21,"Engineering, Computer Science",Biomedical Engineering/ Pre-med,å°åŒ—,November,,Female,18,5
12/20/2018 4:34:20,USA,CA,Davis,19,"Science, Math",Clinical nutrition ,å°åŒ—,April,è¾›è‹¦ä½ ï¼ï¼æ”¾å‡äº†å°±å¥½å¥½ç©è€å§ï½,Female,18,4
12/20/2018 4:37:51,USA,CA,LA,21,"Engineering, Computer Science",Computer engineering ,å˜‰ç¾©,April,,Female,18,10
12/20/2018 4:44:49,USA,TX,Denton,27,"Art, Music, Architecture, Film, Media",Vocal Performance,æ¡ƒåœ’,January,,Female,23,7
12/20/2018 4:46:31,USA,CA,Pleasant Hill,20,"Medical Sciences, Medicine, Nursing",Nutrition ,åŸºéš†,July,,Female,18,7
12/20/2018 4:46:41,USA,CA,Chino ,18,"Medical Sciences, Medicine, Nursing",Biochemistry ,å°åŒ—,April,,Female,17,2
12/20/2018 5:46:40,USA,CA,Davis,19,"Medical Sciences, Medicine, Nursing",Neurobiology physiology and behavior ,å°åŒ—,July,,Female,14,8
12/20/2018 5:49:47,USA,NY,Rochester,19,"Art, Music, Architecture, Film, Media",Applied Music - Cello,é«˜é›„,April,,Male,16,3
12/20/2018 6:01:43,USA,Guam ,Tamuning,19,"Economics, Management, Business, Marketing",Hotel management ,å°åŒ—,January,,Female,14,5
12/20/2018 6:06:45,USA,FL,Gainesville,22,"Engineering, Computer Science",Computer Science Engineering,å±æ±,March,æˆ‘æ²’è·Ÿåˆ°ç¬¬ä¸€æ¬¡çš„è¡¨å–®ã€‚ å¸Œæœ›ä½ èƒ½å…¬å¸ƒæœ€å¤šç•™å­¸ç”Ÿçš„ç§‘ç³»!!,Female,17,5
12/20/2018 6:45:17,USA,NY,Manhattan,21,"Art, Music, Architecture, Film, Media",Design ,å°åŒ—,January,,Female,18,5
12/20/2018 7:33:50,USA,NY,New York city,25,"Art, Music, Architecture, Film, Media",Design,å°åŒ—,February,,Female,23,
12/21/2018 2:58:44,USA,Texas,Dallas,21,"Economics, Management, Business, Marketing",,æ–°åŒ—,May,,Female,15,7
12/19/2018 14:44:03,UK,na,London,19,"Art, Music, Architecture, Film, Media",Central Saint Martins(Fine Art),å°ä¸­,October,,Female,,
12/19/2018 23:46:10,UK,na,Birmingham ,24,"Art, Music, Architecture, Film, Media",Art and Design ,å®œè˜­,December,,Female,,
12/19/2018 19:38:11,UK,na,Birmingham,22,"Economics, Management",Economics and Management,æ–°ç«¹,May,,Female,,
12/19/2018 7:07:59,UK,na,Lancaster,19,"Economics, Management",Advertising and marketing ,æ–°åŒ—,April,,Female,,
12/19/2018 20:39:57,UK,na,York,25,Engineering,,å°å—,May,,Female,,
12/19/2018 15:34:16,UK,na,London ,15,Language school ,Language school ,é«˜é›„,July,,Female,,
12/19/2018 13:56:53,UK,na,Leeds,25,"Medical Sciences, Medicine, Nursing",Nutrition,å°åŒ—,January,,Female,,
12/19/2018 20:19:11,UK,na,Birmingham ,18,Science and Math,Psychology ,æ¡ƒåœ’,August,,Female,,
12/19/2018 14:50:12,UK,na,London,14,Still in High School,,é«˜é›„,March,,Female,,
12/19/2018 20:28:13,UK,na,Manchester,,,,é«˜é›„,,,,,
12/20/2018 0:58:25,UK,Na,London,17,"Art, Music, Architecture, Film, Media",,å°åŒ—,,,Female,17,4
12/20/2018 2:20:14,UK,N/A,Loughborough,24,"Economics, Management, Business, Marketing",MSc International Management ,å°ä¸­,August,,Female,23,10
12/20/2018 4:30:22,UK,na,Oxford,18,"Medical Sciences, Medicine, Nursing",A level,å°å—,,,Female,16,7
12/20/2018 5:00:35,UK,Na,Nottingham ,18,"Science, Math",,æ–°åŒ—,July,,Male,18,1
12/19/2018 20:51:42,Turkey,Istanbul province,Istanbul,24,"Medical Sciences, Medicine, Nursing",Medical Sciences,æ–°åŒ—,January,æˆ‘æ‡‰è©²æ˜¯ç¬¬ä¸€å€‹åœŸè€³å…¶ç•™å­¸ç”Ÿ~å°åœŸæ··è¡€,Male,,
12/19/2018 20:41:37,Thailand ,na ,Bangkok ,22,"Art, Music, Architecture, Film, Media",,å°ä¸­,March,,Female,,
12/19/2018 18:30:20,Switzerland ,Geneva ,Geneva ,20,"Economics, Management",,å°åŒ—,July,Exchange for 1 year ,Female,,
12/19/2018 17:42:58,Switzerland ,na ,Montreux,19,"Economics, Management",Hotel management ,æ¡ƒåœ’,April,,Female,,
12/20/2018 5:46:08,Switzerland ,Valais,Bluche ,23,"Economics, Management, Business, Marketing",Hospitality ,å½°åŒ–,January,,Female,23,8
12/19/2018 22:33:23,Switzerland,Geneva,Laussane,18,"Medical Sciences, Medicine, Nursing",Medical Sciences,é«˜é›„,November,,Female,,
12/19/2018 11:10:20,Switzerland,Geneva,Geneva ,22,,Development studies,å°åŒ—,March,,Male,,
12/20/2018 0:53:19,Spain ,na,Cuenca,23,Language school,Spanish ,æ–°ç«¹,November,,Female,22,4
12/18/2018 19:58:08,Spain,Na,Madrid,,Humanities,Humanities,å°åŒ—,September,Muchas gracias,,,
12/19/2018 20:42:47,Spain,Na,Madrid,21,"Medical Sciences, Medicine, Nursing",Dentistry,å—æŠ•,August,,Female,,
12/19/2018 19:55:28,Spain,Na,Madrid,18,"Medical Sciences, Medicine, Nursing",Medical Sciences,èŠ±è“®,August,,Female,,
12/19/2018 21:23:40,South Korea ,Na,Seoul,22,"Economics, Management",Hotel management ,å°åŒ—,January,,Male,,
12/20/2018 1:21:30,south korea ,na,seoul ,23,Technology management ,,å°åŒ—,April,,Female,22,3
12/19/2018 23:35:07,South Korea,Na,Seoul ,19,Humanities,Humanities,é«˜é›„,May,,Female,,
12/20/2018 4:54:29,South korea,Korea,ì¸ì²œ,21,"Economics, Management, Business, Marketing",ê¸€ë¡œë²Œê¸ˆìœµ ,,May,,Female,20,7
12/20/2018 9:11:38,South Africa ,Western Cape,Cape Town ,23,"Economics, Management, Business, Marketing",Marketing ,å°ä¸­,January,,Female,15,8
12/20/2018 5:06:57,Singapore ,Na,Singapore ,19,"Economics, Management, Business, Marketing",Banking and finance ,æ¡ƒåœ’,July,,Female,19,6
12/19/2018 19:54:14,Singapore,Na,Singapore,23,"Economics, Management",Management and marketing,é«˜é›„,October,,Female,,
12/20/2018 10:49:06,Singapore,na,na,23,"Engineering, Computer Science",EEE,æ¡ƒåœ’,September,,Female,14,10
12/20/2018 2:09:10,singaoore,Na,singapore,18,"Art, Music, Architecture, Film, Media",design communication,å°åŒ—,January,Nothing,Male,18,5
12/20/2018 17:32:43,Russia ,no,Khabarovsk,19,Law,diplomatic,åŸºéš†,August,,Female,18,1
12/19/2018 15:23:52,Poland,Na,PoznaÅ„ ,21,Humanities,Humanities,æ–°ç«¹,April,,Male,,
12/20/2018 0:13:23,Poland,Silesia,Katowice,22,"Medical Sciences, Medicine, Nursing",Dentistry ,è‹—æ —,January,,Female,,
12/19/2018 9:19:05,Philippines ,Manila,Manila ,19,Education,Early childhood education ,å½°åŒ–,March,,Female,,
12/19/2018 18:31:35,Paraguay,Asuncion ,Asuncion,16,Still in High School,Still in High School,æ¡ƒåœ’,April,Np :/,Male,,
12/20/2018 1:23:10,New Zealand ,Na,Dunedin,22,"Medical Sciences, Medicine, Nursing",Pharmacy ,å½°åŒ–,September,,Female,14,4
12/20/2018 3:19:37,New Zealand ,Na,Auckland,20,Foundation Studies,,æ¡ƒåœ’,October,,Female,20,8
12/19/2018 4:51:16,New Zealand,Auckland,Auckland,19,"Art, Music, Architecture, Film, Media","Architecture, Art and Planning",æ–°åŒ—,May,,Female,,
12/20/2018 1:50:21,New Zealand,Na ,Auckland,21,"Economics, Management, Business, Marketing",Accounting ,é«˜é›„,July,,Female,20,7
12/20/2018 4:20:35,New zealand,Auckland,Auckland ,23,"Medical Sciences, Medicine, Nursing",Public health,å°åŒ—,September,,Male,12,5
12/20/2018 6:20:03,New Zealand,Na,Auckland,20,"Medical Sciences, Medicine, Nursing",Medicine,æ¡ƒåœ’,February,,Female,17,9
12/18/2018 19:10:26,Netherlands ,Noord Holland ,Amsterdam ,,"Economics, Management",Economics and Management,å°åŒ—,May,,,,
12/19/2018 1:00:10,Netherlands ,Tilburg ,Tilburg,21,"Economics, Management",Economics and Management,å°å—,December,No,,,
12/19/2018 19:34:12,Netherlands ,null,Eindhoven,27,Engineering,innovation science,å°åŒ—,September,,Male,,
12/19/2018 21:24:53,Malaysia ,Malaysia ,Kuala Lumpur ,19,Language school ,Language center,æ–°ç«¹,September,,Female,,
12/20/2018 6:25:00,Malaysia,Penang,Bukit mertajam,20,"Art, Music, Architecture, Film, Media",,æ–°ç«¹,November,,Female,17,10
12/20/2018 5:32:45,Korea,Korea,Seoul,23,Language school,Economics,æ–°ç«¹,February,,Female,23,5
12/20/2018 0:49:15,Japan ,Na,Oita ken,21,"Economics, Management, Business, Marketing",,æ–°åŒ—,March,,Female,18,3
12/19/2018 17:59:31,Japan,Na,æ±äº¬,21,"Economics, Management",,é«˜é›„,October,,Female,,
12/19/2018 23:26:56,Japan,å±±å£çœŒ,å‘¨å—å¸‚,22,"Economics, Management",,æ–°ç«¹,April,,Female,,
12/19/2018 19:19:00,Japan,Not,Tokyo,23,"Economics, Management",,é«˜é›„,June,,Female,,
12/19/2018 0:23:28,Japan,åƒè‘‰,å¸‚å·å¸‚,20,"Economics, Management",,æ¡ƒåœ’,January,,,,
12/19/2018 2:29:57,Japan,Chiba,Chiba,21,"Economics, Management",,æ–°åŒ—,December,,Male,,
12/19/2018 11:04:45,Japan,Osaka ,Ikeda,25,"Economics, Management",,å°ä¸­,December,,Female,,
12/19/2018 22:35:45,Japan,Nah,Oita,21,"Economics, Management",International relations,æ¡ƒåœ’,April,,Female,,
12/19/2018 18:16:28,Japan,Tokyo,Tokyo,20,"Economics, Management",Marketing,å½°åŒ–,May,,Female,,
12/19/2018 21:52:05,Japan,Hokkaido,Kitami,20,Engineering,Engineering,å°ä¸­,July,,Female,,
12/19/2018 13:31:46,Japan,kyuushuu,Nagasaki ,25,Humanities,Aquaculture ,æ¡ƒåœ’,July,,Female,,
12/19/2018 22:27:40,Japan,Not,Tokyo,23,Humanities,Cultural and tourism,å°åŒ—,May,,Female,,
12/19/2018 21:53:25,Japan,Shimane,Matsue,23,Humanities,Humanities,æ–°åŒ—,October,,Female,,
12/19/2018 21:33:36,Japan,I donâ€™t know ,OSAKA,19,,,æ¡ƒåœ’,January,,Female,,
12/19/2018 23:04:11,Japan,na,Tokyo,24,,,é«˜é›„,September,,Female,,
12/20/2018 0:22:49,Japan,Osaka,Sakai ,26,Social sciences ,,æ–°åŒ—,September,,Female,,
12/20/2018 1:13:25,Japan,Na,Tokyo,18,"Humanities, Social Sciences, Political Sciences",,æ–°åŒ—,,,Male,18,7
12/20/2018 2:02:46,Japan,Na,Tokyo,24,,Media and Communication ,æ–°åŒ—,July,,Female,20,5
12/20/2018 2:10:00,Japan,Osaka,Osaka,21,"Art, Music, Architecture, Film, Media",Game Design ,å°ä¸­,May,,Female,19,6
12/20/2018 2:19:53,Japan,na,Osaka,22,"Humanities, Social Sciences, Political Sciences",policy science,æ¡ƒåœ’,April,,Female,18,1
12/20/2018 2:53:00,Japan,na,Tokyo,20,"Art, Music, Architecture, Film, Media",Film and media,æ–°åŒ—,March,Actually I was born in the US but I moved to Taiwan before elementary school ,Female,18,10
12/20/2018 4:51:09,Japan,Koushietsu,Niigata ken,23,"Art, Music, Architecture, Film, Media",art,å°å—,November,,Male,22,4
12/20/2018 5:51:00,Japan,æ±äº¬,Tokyo,23,"Art, Music, Architecture, Film, Media",Music,æ¡ƒåœ’,June,,Female,23,3
12/20/2018 8:20:51,Japan,Sophomore of NUCB,Nagoya,22,"Economics, Management, Business, Marketing",Economics,å½°åŒ–,November,,Female,19,8
12/20/2018 11:45:47,Japan,Na,Osaka,23,"Economics, Management, Business, Marketing",Economics,å°åŒ—,November,,Female,19,9
12/18/2018 22:33:33,Italy,Lombardia,Milano,23,"Art, Music, Architecture, Film, Media",,å°å—,January,,,,
12/19/2018 7:49:27,Italy,MI,Milan,21,"Medical Sciences, Medicine, Nursing",Medicine ,å°ä¸­,December,,Female,,
12/20/2018 2:00:26,Ireland,Na,Dublin,20,"Economics, Management, Business, Marketing",Commerce ,å°å—,August,,Female,20,5
12/20/2018 2:21:59,Hongkong,Na,æ²™ç”°,19,"Science, Math",MBTE,å°åŒ—,May,,Male,18,4
12/19/2018 17:44:24,Hong Kong,NA,Hong Kong,21,"Economics, Management",Finance,å°åŒ—,June,,Male,,
12/19/2018 3:07:36,Germany ,Nordrhein-Westfalen,MÃ¼nster,25,"Art, Music, Architecture, Film, Media",Music,å°å—,September,,Female,,
12/19/2018 18:04:36,Germany ,Na,Munich ,20,"Economics, Management",International management ,é«˜é›„,October,,Female,,
12/19/2018 7:36:19,Germany,Saxony-Anhalt,Halle(Saale),21,"Economics, Management",,æ¡ƒåœ’,August,,Female,,
12/19/2018 17:29:34,Germany,Na,Cologne,20,"Economics, Management",International Relations,å°åŒ—,April,"Thanks for making this, it was very interesting to look at the results! ",Female,,
12/19/2018 2:29:58,Germany,Bavaria,WÃ¼rzburg,21,"Economics, Management",Major: International Business Minor: Informatik,å±æ±,December,,Male,,
12/18/2018 19:51:42,Germany,Nordrhein-westfalen ,Bonn ,,Science and Math,,å°ä¸­,June,,,,
12/19/2018 14:42:20,Germany,Baden WÃ¼rttemberg,Heilbronn,25,Science and Math,Economics IT,åŸºéš†,November,,Female,,
12/19/2018 16:32:27,Germany,Bayern,Munich,26,,,é«˜é›„,,,Female,,
12/19/2018 19:08:24,France ,No,Paris ,21,"Art, Music, Architecture, Film, Media",Conservation Major in flute ,å°ä¸­,December,N,Female,,
12/19/2018 0:56:47,France ,Nice,Nice,22,"Economics, Management",,æ¡ƒåœ’,August,,,,
12/19/2018 5:32:26,France,Paris,Paris,22,"Art, Music, Architecture, Film, Media",,,July,"æˆ‘ä¸æ˜¯è‡ºç£äºº, å°æ™‚å€™åœ¨è‡ºç£ä½éäº”å¹´,åæ­²æ™‚å›æ³•åœ‹.",Male,,
12/19/2018 5:03:31,France,Europe,Paris ,20,Humanities,Language ,æ¡ƒåœ’,April,,Female,,
12/19/2018 15:25:22,France,na,Lyon,18,Still in High School,,å°åŒ—,March,,Female,,
12/19/2018 20:57:11,France,Na,Lyon,26,,,é«˜é›„,June,,Female,,
12/20/2018 4:03:26,France,France,Paris,22,"Art, Music, Architecture, Film, Media",,,July,"æˆ‘æ˜¯æ³•åœ‹äºº, å°æ™‚å€™åœ¨è‡ºç£ä½éäº”å¹´,åæ­²æ™‚å›æ³•åœ‹. æˆ‘ä¸æ˜¯ç•™å­¸ç”Ÿ, æ˜¯æ™®é€šå¤§å­¸ç”Ÿ, ä¾† Dcard è‡ªå­¸ä¸­æ–‡.
",Male,,8
12/20/2018 5:23:47,France,Na,Aix-en-Provence,22,Language school,French,å°åŒ—,October,,Female,21,8
12/20/2018 19:52:00,Finland,na,Lahti,20,Circus,Circus,æ¡ƒåœ’,December,,Female,20,9
12/20/2018 1:36:00,Deutschland,Baden-WÃ¼rttemberg,Karlsruhe,19,"Engineering, Computer Science",,å°åŒ—,July,,Male,19,9
12/20/2018 15:13:27,Czech  republic,æ·å…‹,Hradec Kralove,21,"Economics, Management, Business, Marketing",,é«˜é›„,May,,Female,21,4
12/19/2018 9:19:12,China,No,Hong Kong ,18,"Art, Music, Architecture, Film, Media",Advertising Design ,å°åŒ—,May,,Female,,
12/18/2018 20:09:34,China,Guangdong,Guangzhou,,"Economics, Management",,æ¡ƒåœ’,May,,,,
12/19/2018 22:51:14,China,NA,Nanjing ,21,"Medical Sciences, Medicine, Nursing",Medical Sciences,å°ä¸­,August,,Female,,
12/19/2018 20:48:22,Canada,ON,Toronto,22,"Economics, Management",Business,å°åŒ—,July,,Male,,
12/19/2018 11:10:10,Canada,BC,vancouver ,18,"Economics, Management",business administration ,å°ä¸­,July,,Female,,
12/19/2018 22:06:09,Canada,BC,Vancouver ,26,"Economics, Management",Commerce&Marketing,å°ä¸­,January,,Female,,
12/19/2018 22:28:42,Canada,BC,Vancouver ,18,"Economics, Management",Communication ,é«˜é›„,March,,Female,,
12/19/2018 0:35:27,Canada,ON,Toronto ,21,"Economics, Management",,å°åŒ—,May,,,,
12/19/2018 2:09:17,Canada,ON,Toronto ,22,"Economics, Management",,å°åŒ—,November,,,,
12/19/2018 2:37:24,Canada,BC,Vancouver ,21,"Economics, Management",,å°åŒ—,September,,Female,,
12/19/2018 2:38:30,Canada,ON,Toronto,21,"Economics, Management",,å°å—,June,,Female,,
12/19/2018 2:58:03,Canada,BC,Victoria,23,"Economics, Management",,æ–°ç«¹,May,,Female,,
12/19/2018 23:24:44,Canada,ON,Toronto,21,"Economics, Management",Finance,é«˜é›„,May,,Female,,
12/19/2018 11:54:05,Canada,BC,Vancouver,23,Education,Education,æ–°åŒ—,December,,Female,,
12/18/2018 21:07:39,Canada,Alberta ,Calgary ,23,Engineering,,å°ä¸­,August,,,,
12/19/2018 2:40:47,Canada,Alberta,Edmonton,22,Engineering,,æ–°åŒ—,December,ğŸ˜œ,Female,,
12/19/2018 6:16:44,Canada,Alberta,Edmonton,21,Engineering,Engineering,é«˜é›„,June,,Female,,
12/19/2018 21:11:46,Canada,ON,Toronto,19,Engineering,Engineering,æ–°ç«¹,January,,Male,,
12/18/2018 20:42:51,Canada,BC,Victoria,18,Language school ,,æ–°ç«¹,February,,,,
12/19/2018 1:47:44,Canada,BC,New Westminster,22,"Medical Sciences, Medicine, Nursing",Medical Sciences,é«˜é›„,June,,,,
12/19/2018 21:41:45,Canada,NB,Moncton,17,Still in High School,Still in High School,é›²æ—,October,,Female,,
12/19/2018 21:59:46,Canada,Na,Hamilton ,17,Still in High School,Still in High School,å°åŒ—,May,,Female,,
12/19/2018 22:59:00,Canada,BC,Comox Valley(Courteney),17,Still in High School,G.P Vanier Secondary grade 11,å°åŒ—,September,There's 2 Taiwanese in Vanier and the other one is 17(October) male from Taoyuan :-D,Female,,
12/20/2018 0:26:28,Canada,BC,Vancouver,21,"Economics, Management, Business, Marketing",,å°ä¸­,November,,Female,,
12/20/2018 0:50:04,Canada,na ,Toronto,,,,æ–°ç«¹,January,,Female,11,7
12/20/2018 1:02:38,Canada,Alberta ,Calgary ,27,"Engineering, Computer Science",,å½°åŒ–,February,,Female,24,5
12/20/2018 1:31:38,Canada,BC,Langley,19,Still in High School,é«˜ä¸­,å°ä¸­,August,,Female,17,2
12/20/2018 2:55:21,Canada,"Vancouver,BC ",Burnaby ,23,"Economics, Management, Business, Marketing",Hospitality management ,æ–°åŒ—,November,,Female,23,1
12/20/2018 3:17:12,Canada,British Columbia,Vancouver,18,"Economics, Management, Business, Marketing",Economics,æ–°åŒ—,July,,Female,15,5
12/20/2018 3:17:34,Canada,BC,Langley,18,"Engineering, Computer Science",Computer Science ,æ–°åŒ—,February,,Female,14,5
12/20/2018 4:14:37,Canada,BC,Victoria,21,"Economics, Management, Business, Marketing",Business,æ–°åŒ—,March,,Male,20,8
12/20/2018 6:00:58,Canada,na,Vancouver ,23,,,å½°åŒ–,February,,Female,23,7
12/20/2018 6:13:03,Canada,BC,Vancouver ,26,"Medical Sciences, Medicine, Nursing",,æ¡ƒåœ’,February,,Female,14,5
12/20/2018 6:16:56,Canada,ON,Toronto,23,"Science, Math",Biological Physics,å°ä¸­,February,å¤šå€«å¤šçœŸçš„å¾ˆç„¡èŠï¼Œæ˜¯ä¸€å€‹è¦ä¹…ä½æ‰èƒ½ç´°ç´°é«”æœƒé€™è£¡çš„æ–‡åŒ–èˆ‡é¢¨ä¿—çš„åŸå¸‚ğŸ˜‚,Female,18,5
12/20/2018 8:07:32,Canada,Quebec,Montreal,21,Arts and Science,Urban Studies,æ–°åŒ—,November,,Female,18,10
12/21/2018 1:21:00,Canada,Ontario ,Toronto,20,"Economics, Management, Business, Marketing",Finance ,å°åŒ—,February,,Female,18,4
12/18/2018 19:46:02,Belgium,Vlaams-Brabant,Leuven,,Law,Law,é«˜é›„,January,,,,
12/19/2018 6:24:37,Australia,VIC,Melbourne,20,"Art, Music, Architecture, Film, Media",Digital technology design,é›²æ—,April,,Female,,
12/19/2018 9:17:43,Australia,QLD,Brisbane ,19,"Art, Music, Architecture, Film, Media","Architecture, Art and Planning",æ¡ƒåœ’,June,,Female,,
12/19/2018 23:24:51,Australia,VIC,Melbourne,21,"Economics, Management",Business IT,é«˜é›„,September,,Female,,
12/18/2018 23:01:30,Australia,NSW,Sydney,24,"Economics, Management",Economics and Management,æ¡ƒåœ’,October,,,,
12/19/2018 10:32:32,Australia,NSW,é›ªæ¢¨,22,"Economics, Management",Economics and Management,å°ä¸­,February,,Female,,
12/19/2018 19:04:38,Australia,VIC,Melbourne ,21,"Economics, Management",Hotel and Resort ,æ¡ƒåœ’,September,,Female,,
12/19/2018 20:49:38,Australia,VIC,Melbourne ,19,Engineering,Engineering,é«˜é›„,September,,Male,,
12/19/2018 4:58:55,Australia,QLD,Brisbane,23,Engineering,Information Technology,é«˜é›„,January,,Female,,
12/19/2018 6:15:09,Australia,QLD,Brisbane,28,"Medical Sciences, Medicine, Nursing",Optometry,å½°åŒ–,,,Male,,
12/18/2018 18:49:16,Australia,NSW,Sydney ,,"Medical Sciences, Medicine, Nursing",Medical Sciences,å±æ±,November,,,,
12/18/2018 21:30:41,Australia,VIC,Melbourne,24,"Medical Sciences, Medicine, Nursing",Nursing,å°åŒ—,July,,,,
12/18/2018 21:33:30,Australia,QLD,Toowoomba,21,"Medical Sciences, Medicine, Nursing",Nursing,å°åŒ—,December,,,,
12/19/2018 21:08:36,Australia,VIC,Melbourne ,19,"Medical Sciences, Medicine, Nursing",Nursing ,å°åŒ—,August,,Male,,
12/19/2018 22:15:23,Australia,NSW,Sydney ,19,"Medical Sciences, Medicine, Nursing",Nursing ,æ–°ç«¹,March,,Female,,
12/19/2018 11:00:04,Australia,NSW,Sydney ,21,Science and Math,Science and Math,æ¡ƒåœ’,October,,Male,,
12/20/2018 1:01:26,Australia,QLD,Brisbane,22,"Economics, Management, Business, Marketing",Hospitality Management ,æ–°åŒ—,November,,Male,19,7
12/20/2018 2:07:10,Australia,Northern territory,Darwin,28,"Engineering, Computer Science",Chemical engineering,æ–°ç«¹,,,Male,23,1
12/20/2018 2:24:14,Australia,QLD,Brisbane ,20,"Humanities, Social Sciences, Political Sciences",Pharmacy ,é«˜é›„,,Maybe investigate universities as well? ,Female,18,4
12/20/2018 3:03:42,Australia,NSW,Sydney ,18,"Art, Music, Architecture, Film, Media",Journalism ,æ–°åŒ—,June,,Female,17,5
12/20/2018 4:44:13,Australia,Victoria,Melbourne,19,"Science, Math",,å°å—,March,,Female,15,1
12/20/2018 9:03:17,Australia,Vic,Melbourne ,20,"Art, Music, Architecture, Film, Media",Gold and silversmithing ,,January,,Prefer not to say,13,6
12/22/2018 16:16:49,Austria,Austria ,Vienna,20,,Englisch and American Studies,å°åŒ—,August,,Male,20,8
12/23/2018 0:03:05,UK,na,Leicester,18,"Art, Music, Architecture, Film, Media",History of Art,å°åŒ—,June,,Female,18,6
12/23/2018 12:46:03,Canada,Alberta,Edmonton,22,Law,Economics ,å°åŒ—,June,,Male,14,7
12/26/2018 14:06:39,France,Na,Lille,22,"Engineering, Computer Science",Informatique,å°ä¸­,July,,Female,21,8
12/28/2018 8:08:35,Poland,Lublin,Lublin,23,"Medical Sciences, Medicine, Nursing",,,June,,Male,18,7
12/28/2018 8:12:54,New zealand,Na,Auckland,19,"Economics, Management, Business, Marketing",Commerence,é«˜é›„,June,,Female,19,6